Workbook

Sheet Arkusz3
A1: termin | B1: ilość torebek luksusowych sprzedaż miesięczna w stk
A2: 46023 | B2: 590000
A3: 46054 | B3: 591000
A4: 46082 | B4: 592000
A5: 46113 | B5: 593000
A6: 46143 | B6: 594000
A7: 46174 | B7: 595000

Sheet Arkusz4
J1: =Arkusz3!B1 -> ilość torebek luksusowych sprzedaż miesięczna w stk
B2: Prognoza | E2: alpha | F2: 0.6 | I2: 45931 | J2: 621000
I3: 45962 | J3: 641000
I4: 45992 | J4: 741000
B5: MAD (moving average) | C5: =AVERAGE(F13:F18) -> 33111.111
B6: MAD (exponential smoothing) | C6: =AVERAGE(G13:G18) -> 13244.444 | D6: lepszy
D12: prognoza (moving avareage) | E12: prognoza exponential smoothing) | F12: różnica (MA) | G12: różnica (ES)
B13: 46023 | C13: =Arkusz3!B2 -> 590000 | D13: =AVERAGE(J2,J3,J4) -> 667666.67 | E13: =$F$2*C13+(1-$F$2)*D13 -> 621066.67 | F13: =ABS(D13-C13) -> 77666.667 | G13: =ABS(E13-C13) -> 31066.667
B14: 46054 | C14: =Arkusz3!B3 -> 591000 | D14: =AVERAGE(J3,J4,C13) -> 657333.33 | E14: =$F$2*C14+(1-$F$2)*D14 -> 617533.33 | F14: =ABS(D14-C14) -> 66333.333 | G14: =ABS(E14-C14) -> 26533.333
B15: 46082 | C15: =Arkusz3!B4 -> 592000 | D15: =AVERAGE(J4,C13,C14) -> 640666.67 | E15: =$F$2*C15+(1-$F$2)*D15 -> 611466.67 | F15: =ABS(D15-C15) -> 48666.667 | G15: =ABS(E15-C15) -> 19466.667
B16: 46113 | C16: =Arkusz3!B5 -> 593000 | D16: =AVERAGE(C13,C14,C15) -> 591000 | E16: =$F$2*C16+(1-$F$2)*D16 -> 592200 | F16: =ABS(D16-C16) -> 2000 | G16: =ABS(E16-C16) -> 800
B17: 46143 | C17: =Arkusz3!B6 -> 594000 | D17: =AVERAGE(C14,C15,C16) -> 592000 | E17: =$F$2*C17+(1-$F$2)*D17 -> 593200 | F17: =ABS(D17-C17) -> 2000 | G17: =ABS(E17-C17) -> 800
B18: 46174 | C18: =Arkusz3!B7 -> 595000 | D18: =AVERAGE(C15,C16,C17) -> 593000 | E18: =$F$2*C18+(1-$F$2)*D18 -> 594200 | F18: =ABS(D18-C18) -> 2000 | G18: =ABS(E18-C18) -> 800

Sheet Arkusz5
A1: roczny popyt (D) | B1: =2*SUM(Arkusz4!C13:C18) -> 7110000
A2: koszt złożenia jedego zamówienia (S) | B2: 8000
A3: roczny koszt utrymania jednej sztuki w magazynie (H) | B3: 2500
A6: EOQ Economic Order Quantity | B6: =SQRT((2*B1*B2)/B3) -> 6745.6653
A9: dzienna sprzedaż - (d) | B9: =B1/365 -> 19479.452
A10: czas dostawy w dniach od zamówienia u producenta lead time - (L) | B10: 15
A13: ROP reorder point | B13: =B9*B10 -> 292191.78
A15: maksymalna dzienna sprzedaż w okreśe szczytowym (d_max) | B15: =Arkusz4!C18/30 -> 19833.333
A17: Safety shock (SS) | B17: =(B15-B9)*B10 -> 5308.2192
